name;mass;abundance
1H;1.007825031898;0.999855
2H;2.014101777844;0.000145
46Ti;45.952626356;0.0825
47Ti;46.951757491;0.07440000000000001
48Ti;47.947940677;0.7372
49Ti;48.947864391;0.0541
50Ti;49.944785622;0.0518
